timestamp,run_id,version,prompt,mode,title,figure_file,looks_correct,feedback
2026-04-16T13:53:11Z,30ce54ea-4ed0-4ccf-ae80-1b4d7dce85d2,6b1e874-dirty,Smooth pursuit of a 20 deg/s ramp target,single,Smooth pursuit of a 20 deg/s rightward ramp target,D:\OneDrive\UC Berkeley\OMlab - JOM\Code\ClaudeOculomotorJax\outputs\server_figures\30ce54ea-4ed0-4ccf-ae80-1b4d7dce85d2.png,True,
2026-04-16T14:12:32Z,45f528fe-6e45-46ad-a695-93c9dcfbed1f,6b1e874-dirty,Healthy 20° saccade to the right,single,Healthy 20° rightward saccade,D:\OneDrive\UC Berkeley\OMlab - JOM\Code\ClaudeOculomotorJax\outputs\server_figures\45f528fe-6e45-46ad-a695-93c9dcfbed1f.png,,
2026-04-16T14:12:51Z,9e3afd8b-e834-4756-b2cf-75d7b34fc67c,6b1e874-dirty,Left vestibular neuritis doing a head impulse test to the right,single,Left vestibular neuritis — rightward vHIT,D:\OneDrive\UC Berkeley\OMlab - JOM\Code\ClaudeOculomotorJax\outputs\server_figures\9e3afd8b-e834-4756-b2cf-75d7b34fc67c.png,,
2026-04-16T16:13:19Z,966c0b89-a5bd-4e3f-9212-368c4fe35e9d,6b1e874-dirty,Compare healthy vs cerebellar deficit vs bilateral vestibular loss on VOR in the dark,comparison,Healthy vs Cerebellar Deficit vs Bilateral Vestibular Loss — VOR in the Dark,D:\OneDrive\UC Berkeley\OMlab - JOM\Code\ClaudeOculomotorJax\outputs\server_figures\966c0b89-a5bd-4e3f-9212-368c4fe35e9d.png,,
2026-04-16T16:36:28Z,0c84eee4-10b4-4421-96ba-e6bfe76a88e5,6b1e874-dirty,"OKN: 30 deg/s full-field scene motion for 20 s, then OKAN",single,"OKN at 30 deg/s for 20 s, then OKAN for 40 s (velocity storage decay)",D:\OneDrive\UC Berkeley\OMlab - JOM\Code\ClaudeOculomotorJax\outputs\server_figures\0c84eee4-10b4-4421-96ba-e6bfe76a88e5.png,,
2026-04-16T16:39:27Z,2ac66f4b-943d-4e99-b01f-448a1c2e40fd,6b1e874-dirty,"Cerebellar gaze-holding deficit, gaze-evoked nystagmus at 15 degrees",single,Cerebellar gaze-evoked nystagmus: eccentric gaze-holding deficit at 15° (short neural integrator TC),D:\OneDrive\UC Berkeley\OMlab - JOM\Code\ClaudeOculomotorJax\outputs\server_figures\2ac66f4b-943d-4e99-b01f-448a1c2e40fd.png,,
2026-04-16T16:40:04Z,dfb40322-e19e-458f-9d4b-d32c0e372ff8,6b1e874-dirty,"Cerebellar gaze-holding deficit, gaze-evoked nystagmus at 15 degrees, low pursuit gain",single,Cerebellar deficit: gaze-evoked nystagmus at 15° eccentric gaze with low pursuit gain,D:\OneDrive\UC Berkeley\OMlab - JOM\Code\ClaudeOculomotorJax\outputs\server_figures\dfb40322-e19e-458f-9d4b-d32c0e372ff8.png,,
2026-04-16T17:24:30Z,cb5eb0c8-971f-48aa-8c2a-b836ab58406a,bb14a67-dirty,make the coolest eye movement simulation,single,Epic oculomotor showcase: vHIT impulse → smooth pursuit → memory-guided saccades → OKN drum + OKAN,D:\OneDrive\UC Berkeley\OMlab - JOM\Code\ClaudeOculomotorJax\outputs\server_figures\cb5eb0c8-971f-48aa-8c2a-b836ab58406a.png,,
2026-04-16T17:26:19Z,7d0a889e-b023-4204-8d79-ff77d0f8d6fc,bb14a67-dirty,show how a vor doesnt work in patient,comparison,Healthy vs Left Vestibular Neuritis — vHIT (Leftward Head Impulse),D:\OneDrive\UC Berkeley\OMlab - JOM\Code\ClaudeOculomotorJax\outputs\server_figures\7d0a889e-b023-4204-8d79-ff77d0f8d6fc.png,,
2026-04-16T18:29:31Z,222f5451-5d8c-4194-ae9a-4cf5eec407ae,bb14a67-dirty,"Cerebellar gaze-holding deficit, gaze-evoked nystagmus at 15 degrees",single,Cerebellar gaze-evoked nystagmus: gaze held at 15° with short neural integrator TC,D:\OneDrive\UC Berkeley\OMlab - JOM\Code\ClaudeOculomotorJax\outputs\server_figures\222f5451-5d8c-4194-ae9a-4cf5eec407ae.png,,
2026-04-16T18:34:10Z,32cee3a0-f4fe-492f-a58e-e3e9cb310b6f,bb14a67-dirty,Compare healthy vs cerebellar deficit vs bilateral vestibular loss on VOR in the dark,comparison,Healthy vs Cerebellar Deficit vs Bilateral Vestibular Loss — VOR in the Dark,D:\OneDrive\UC Berkeley\OMlab - JOM\Code\ClaudeOculomotorJax\outputs\server_figures\32cee3a0-f4fe-492f-a58e-e3e9cb310b6f.png,,
2026-04-16T18:38:58Z,5e0a4840-8183-4bad-a9f5-5328a4b25eac,ef648fb-dirty,"OKN: 30 deg/s full-field scene motion for 20 s, then OKAN",single,OKN at 30 deg/s full-field scene motion (20 s) followed by OKAN,d:\OneDrive\UC Berkeley\OMlab - JOM\Code\ClaudeOculomotorJax\outputs\server_figures\5e0a4840-8183-4bad-a9f5-5328a4b25eac.png,,
2026-04-16T19:09:22Z,10743023-e4e4-4450-828b-969674243b41,ef648fb-dirty,Compare healthy vs left vestibular neuritis on a rightward head impulse test,comparison,Healthy vs Left Vestibular Neuritis — Rightward vHIT,d:\OneDrive\UC Berkeley\OMlab - JOM\Code\ClaudeOculomotorJax\outputs\server_figures\10743023-e4e4-4450-828b-969674243b41.png,,
2026-04-16T19:10:38Z,d1516745-c17e-4670-a184-e591bcc9e265,ef648fb-dirty,Healthy 20° saccade to the right,single,Healthy 20° rightward saccade,d:\OneDrive\UC Berkeley\OMlab - JOM\Code\ClaudeOculomotorJax\outputs\server_figures\d1516745-c17e-4670-a184-e591bcc9e265.png,,
2026-04-16T20:51:44Z,9fc6ee1c-00a5-4698-a27d-af5a45eb63bf,ef648fb-dirty,Compare healthy vs left vestibular neuritis on a rightward head impulse test,comparison,Healthy vs Left Vestibular Neuritis — Rightward vHIT,d:\OneDrive\UC Berkeley\OMlab - JOM\Code\ClaudeOculomotorJax\outputs\server_figures\9fc6ee1c-00a5-4698-a27d-af5a45eb63bf.png,,
2026-04-16T21:52:17Z,7c062886-7e53-47fd-8c40-9d224e98ffef,ef648fb-dirty,make two saccades to the right and then one to the left,single,Two rightward saccades then one leftward saccade,d:\OneDrive\UC Berkeley\OMlab - JOM\Code\ClaudeOculomotorJax\outputs\server_figures\7c062886-7e53-47fd-8c40-9d224e98ffef.png,,
2026-04-16T22:28:26Z,ccf210c9-5406-44ff-9a5f-e056f84d769b,ef648fb-dirty,Left vestibular neuritis doing a head impulse test to the right,single,Left vestibular neuritis — rightward vHIT,d:\OneDrive\UC Berkeley\OMlab - JOM\Code\ClaudeOculomotorJax\outputs\server_figures\ccf210c9-5406-44ff-9a5f-e056f84d769b.png,,
2026-04-16T22:29:03Z,e7258135-70c9-4f26-bae5-d935ecddbce8,ef648fb-dirty,"Cerebellar gaze-holding deficit, gaze-evoked nystagmus at 15 degrees",single,"Cerebellar gaze-evoked nystagmus: gaze held at 15° right, short neural integrator TC",d:\OneDrive\UC Berkeley\OMlab - JOM\Code\ClaudeOculomotorJax\outputs\server_figures\e7258135-70c9-4f26-bae5-d935ecddbce8.png,,
2026-04-16T22:29:46Z,0d09dfab-f517-4764-aac2-5bec6f945a66,ef648fb-dirty,Smooth pursuit of a 5 deg/s ramp target,single,Smooth pursuit of a 5 deg/s ramp target,d:\OneDrive\UC Berkeley\OMlab - JOM\Code\ClaudeOculomotorJax\outputs\server_figures\0d09dfab-f517-4764-aac2-5bec6f945a66.png,,
2026-04-16T22:31:08Z,7f9571d8-4aa5-4936-a5a9-103e38f89287,ef648fb-dirty,track a target that jumps 5 deg to the left and then moves smoothly at 10 deg/sec to the right,single,"Saccade to 5° left target, then smooth pursuit at 10 deg/s rightward",d:\OneDrive\UC Berkeley\OMlab - JOM\Code\ClaudeOculomotorJax\outputs\server_figures\7f9571d8-4aa5-4936-a5a9-103e38f89287.png,,
2026-04-16T22:31:58Z,62ce00bb-0de3-49f9-abda-158bea415fe1,ef648fb-dirty,track a target that jumps 5 deg to the left and then moves smoothly at 25 deg/sec to the right,single,"Saccade to 5° left target, then smooth pursuit at 25 deg/s rightward",d:\OneDrive\UC Berkeley\OMlab - JOM\Code\ClaudeOculomotorJax\outputs\server_figures\62ce00bb-0de3-49f9-abda-158bea415fe1.png,,
2026-04-16T22:33:08Z,63a110d8-dd60-4b2d-9e67-effedea4d73c,ef648fb-dirty,simulate free viewing while walking,single,Free viewing while walking: multi-axis VOR stabilisation during natural gait,d:\OneDrive\UC Berkeley\OMlab - JOM\Code\ClaudeOculomotorJax\outputs\server_figures\63a110d8-dd60-4b2d-9e67-effedea4d73c.png,,
2026-04-16T22:34:07Z,803fc399-2fec-4b75-8728-0e26b39dc868,ef648fb-dirty,track a target that jumps 5 deg to the left and then immediately moves smoothly at 25 deg/sec to the right,single,Saccade 5° left then immediate smooth pursuit 25 deg/s rightward,d:\OneDrive\UC Berkeley\OMlab - JOM\Code\ClaudeOculomotorJax\outputs\server_figures\803fc399-2fec-4b75-8728-0e26b39dc868.png,,
2026-04-16T22:34:32Z,512d3815-0d4b-4917-95f0-c6bc5c65183a,ef648fb-dirty,"simulate free viewing while walking, looking at different things",single,Free viewing while walking — rhythmic head oscillation with voluntary gaze shifts to different targets,d:\OneDrive\UC Berkeley\OMlab - JOM\Code\ClaudeOculomotorJax\outputs\server_figures\512d3815-0d4b-4917-95f0-c6bc5c65183a.png,,
2026-04-16T22:34:39Z,797ba4f6-5812-4759-96ff-cf58b9fb5888,ef648fb-dirty,track a target that jumps 5 deg to the left and then immediately moves smoothly at 30 deg/sec to the right,single,Saccade 5° left then immediate smooth pursuit 30 deg/s rightward,d:\OneDrive\UC Berkeley\OMlab - JOM\Code\ClaudeOculomotorJax\outputs\server_figures\797ba4f6-5812-4759-96ff-cf58b9fb5888.png,,
2026-04-16T22:35:00Z,2084df5c-fcb6-454b-b338-e76e8bbd8814,ef648fb-dirty,track a target that jumps 5 deg to the left and then immediately moves smoothly at 35 deg/sec to the right,single,Saccade to 5° left target then smooth pursuit at 35 deg/s rightward,d:\OneDrive\UC Berkeley\OMlab - JOM\Code\ClaudeOculomotorJax\outputs\server_figures\2084df5c-fcb6-454b-b338-e76e8bbd8814.png,,
2026-04-16T22:35:36Z,d55038df-9ec3-4a83-a358-599e3c5483f9,ef648fb-dirty,track a target that jumps 5 deg to the left and then immediately moves smoothly at 50 deg/sec to the right,single,Saccade 5° left then immediate smooth pursuit 50 deg/s rightward,d:\OneDrive\UC Berkeley\OMlab - JOM\Code\ClaudeOculomotorJax\outputs\server_figures\d55038df-9ec3-4a83-a358-599e3c5483f9.png,,
2026-04-16T22:37:06Z,ff269a6e-40b5-4482-8408-604e0041c63f,ef648fb-dirty,track a target that jumps 4 deg to the left and then immediately moves smoothly at 50 deg/sec to the right,single,Saccade 4° left then immediate smooth pursuit at 50 deg/s rightward,d:\OneDrive\UC Berkeley\OMlab - JOM\Code\ClaudeOculomotorJax\outputs\server_figures\ff269a6e-40b5-4482-8408-604e0041c63f.png,,
2026-04-17T13:45:35Z,78bcdebe-2b1e-48f3-9e62-b0fcd57f9190,cbf30f9,Cover test of eso patient,single,"Cover test — esophoria patient (8° esophoria, right eye covered 3–18 s)",d:\OneDrive\UC Berkeley\OMlab - JOM\Code\ClaudeOculomotorJax\outputs\server_figures\78bcdebe-2b1e-48f3-9e62-b0fcd57f9190.png,,
2026-04-17T13:46:59Z,3cfcf368-c1da-4a06-9da8-f1aacde4d1f9,cbf30f9,saccade between two points aligned in front of the right eye near and far,single,Saccade between near (0.5 m) and far (2 m) targets aligned straight ahead of the right eye — vergence + saccade interaction,d:\OneDrive\UC Berkeley\OMlab - JOM\Code\ClaudeOculomotorJax\outputs\server_figures\3cfcf368-c1da-4a06-9da8-f1aacde4d1f9.png,,
2026-04-17T13:47:34Z,6e108436-3486-4c4e-823b-b1dab80548f1,cbf30f9,"OKN: 30 deg/s full-field scene motion for 20 s, then OKAN",single,OKN at 30 deg/s full-field scene motion (20 s) followed by OKAN (40 s decay in darkness),d:\OneDrive\UC Berkeley\OMlab - JOM\Code\ClaudeOculomotorJax\outputs\server_figures\6e108436-3486-4c4e-823b-b1dab80548f1.png,,
2026-04-17T14:38:50Z,9d6ac264-7cae-43cb-a458-b55275ff24ed,2a81269,alternating cover test of eso patient about 5 switches,single,"Alternating cover test — esophoric patient (~5 switches, each eye covered in turn)",d:\OneDrive\UC Berkeley\OMlab - JOM\Code\ClaudeOculomotorJax\outputs\server_figures\9d6ac264-7cae-43cb-a458-b55275ff24ed.png,,
2026-04-17T16:20:57Z,c8569484-1cfc-4fb0-9fd5-ab1c7101e9b4,2a81269-dirty,alternate cover test in patient with eso vs a patient with exo,comparison,Alternate Cover Test: Esophoria vs Exophoria,d:\OneDrive\UC Berkeley\OMlab - JOM\Code\ClaudeOculomotorJax\outputs\server_figures\c8569484-1cfc-4fb0-9fd5-ab1c7101e9b4.png,,
2026-04-17T16:22:32Z,8b4804ed-57fb-4b86-b38b-e5bd4652e65f,2a81269-dirty,alternate cover test in patient with eso vs a patient with exo show left right eye position and vergence,comparison,Alternate Cover Test — Esophoria vs Exophoria,d:\OneDrive\UC Berkeley\OMlab - JOM\Code\ClaudeOculomotorJax\outputs\server_figures\8b4804ed-57fb-4b86-b38b-e5bd4652e65f.png,,
2026-04-17T16:25:23Z,88b14fc9-05f9-4d14-a115-05d0ccf7f4d1,2a81269-dirty,Smooth pursuit of a 20 deg/s ramp target,single,Smooth pursuit of a 20 deg/s rightward ramp target,d:\OneDrive\UC Berkeley\OMlab - JOM\Code\ClaudeOculomotorJax\outputs\server_figures\88b14fc9-05f9-4d14-a115-05d0ccf7f4d1.png,,
2026-04-17T16:30:08Z,25814122-90ca-414e-a964-43d3bbe52736,2a81269-dirty,"OKN: 30 deg/s full-field scene motion for 20 s, then OKAN",single,OKN at 30 deg/s full-field scene motion (20 s) followed by OKAN in darkness,d:\OneDrive\UC Berkeley\OMlab - JOM\Code\ClaudeOculomotorJax\outputs\server_figures\25814122-90ca-414e-a964-43d3bbe52736.png,,
2026-04-17T16:34:12Z,75b82a96-ae92-413f-a1d0-bde6cf956d90,2a81269-dirty,"OKN: 30 deg/s full-field scene motion for 20 s, then no motion",single,"OKN: 30 deg/s full-field scene motion for 20 s, then OKAN decay (40 s stationary)",d:\OneDrive\UC Berkeley\OMlab - JOM\Code\ClaudeOculomotorJax\outputs\server_figures\75b82a96-ae92-413f-a1d0-bde6cf956d90.png,,
2026-04-17T17:52:14Z,36681820-5eb4-42b2-a8f0-ab4cb13d3bcb,2a81269-dirty,random saccades like is someone is exploring a visual scene,single,Random exploratory saccades across a visual scene,d:\OneDrive\UC Berkeley\OMlab - JOM\Code\ClaudeOculomotorJax\outputs\server_figures\36681820-5eb4-42b2-a8f0-ab4cb13d3bcb.png,,
2026-04-17T18:02:43Z,ed1f60aa-6101-4a2b-8e47-0f577975749c,2a81269-dirty,random saccades like is someone is exploring a visual scene. Sometimes looking far sometimes near while walking forward,single,Natural visual exploration: random saccades to near/far targets while walking forward,d:\OneDrive\UC Berkeley\OMlab - JOM\Code\ClaudeOculomotorJax\outputs\server_figures\ed1f60aa-6101-4a2b-8e47-0f577975749c.png,,
2026-04-17T18:07:42Z,4260b82b-723b-4464-b6b3-1e67440f1a36,2a81269-dirty,"random saccades like is someone is exploring a visual scene. Sometimes looking far sometimes near while walking forward, tilt the head down to look at the floor",single,"Random exploratory saccades — near/far targets, walking forward, head tilted down to scan floor",d:\OneDrive\UC Berkeley\OMlab - JOM\Code\ClaudeOculomotorJax\outputs\server_figures\4260b82b-723b-4464-b6b3-1e67440f1a36.png,,
2026-04-17T18:08:35Z,1939bd25-2beb-4977-ae1b-a029da695da3,2a81269-dirty,mix of saccades and vergence,single,Mixed saccade and vergence: target steps right 15° and jumps from 2 m to 0.5 m (convergence demand),d:\OneDrive\UC Berkeley\OMlab - JOM\Code\ClaudeOculomotorJax\outputs\server_figures\1939bd25-2beb-4977-ae1b-a029da695da3.png,,
2026-04-17T18:12:48Z,560b3650-530a-45f8-b138-03b9b6c8b9b5,2a81269-dirty,sequence of gaze switches from near and far,single,Sequence of gaze switches between near (0.5 m) and far (3 m) targets — vergence + saccades,d:\OneDrive\UC Berkeley\OMlab - JOM\Code\ClaudeOculomotorJax\outputs\server_figures\560b3650-530a-45f8-b138-03b9b6c8b9b5.png,,
2026-04-17T18:14:08Z,102980eb-5d23-4d18-88f7-7c046e7ef857,2a81269-dirty,sinusoidal vor of healthy vs neuritis patient,comparison,Sinusoidal VOR — Healthy vs Left Vestibular Neuritis,d:\OneDrive\UC Berkeley\OMlab - JOM\Code\ClaudeOculomotorJax\outputs\server_figures\102980eb-5d23-4d18-88f7-7c046e7ef857.png,,
2026-04-17T18:15:36Z,7e3f8674-661e-4295-a9ab-9eb65f0e54b6,2a81269-dirty,sinusoidal vor of healthy vs neuritis patient. start stationary move for a while then stop.,comparison,Sinusoidal VOR: Healthy vs Left Vestibular Neuritis,d:\OneDrive\UC Berkeley\OMlab - JOM\Code\ClaudeOculomotorJax\outputs\server_figures\7e3f8674-661e-4295-a9ab-9eb65f0e54b6.png,,
2026-04-17T18:16:20Z,b9eec453-7839-49b5-9d06-c61b4d580505,2a81269-dirty,sinusoidal vor of healthy vs neuritis patient. start stationary move for a while then stop all in the dark,comparison,Sinusoidal VOR in the Dark — Healthy vs Left Neuritis,d:\OneDrive\UC Berkeley\OMlab - JOM\Code\ClaudeOculomotorJax\outputs\server_figures\b9eec453-7839-49b5-9d06-c61b4d580505.png,,
2026-04-17T20:25:41Z,ff003f39-d1f8-4290-a926-a53594234a4d,2a81269-dirty,normal fixational eye movements,single,"Normal fixational eye movements — microsaccades, drift, and tremor during steady gaze on a stationary target",d:\OneDrive\UC Berkeley\OMlab - JOM\Code\ClaudeOculomotorJax\outputs\server_figures\ff003f39-d1f8-4290-a926-a53594234a4d.png,,
2026-04-17T21:09:26Z,4eec367c-71ed-43ba-9316-b06fe5187556,7730f99-dirty,Healthy 20° saccade to the right,single,Healthy 20° rightward saccade,d:\OneDrive\UC Berkeley\OMlab - JOM\Code\ClaudeOculomotorJax\outputs\server_figures\4eec367c-71ed-43ba-9316-b06fe5187556.png,,
2026-04-17T21:10:02Z,63293916-ae38-4f29-a152-7671ae5f1872,7730f99-dirty,Healthy 20° saccade to the right,single,Healthy 20° rightward saccade,d:\OneDrive\UC Berkeley\OMlab - JOM\Code\ClaudeOculomotorJax\outputs\server_figures\63293916-ae38-4f29-a152-7671ae5f1872.png,,
2026-04-17T21:12:15Z,b2cb46aa-8cef-40e9-80dd-41d0a4f3e1e9,7730f99-dirty,Healthy 20° saccade to the right,single,Healthy 20° rightward saccade,d:\OneDrive\UC Berkeley\OMlab - JOM\Code\ClaudeOculomotorJax\outputs\server_figures\b2cb46aa-8cef-40e9-80dd-41d0a4f3e1e9.png,,
2026-04-17T21:19:02Z,ed7619e9-3ae6-4960-b5d2-1ebedd23a500,7730f99-dirty,Smooth pursuit of a 20 deg/s ramp target,single,Smooth pursuit of a 20 deg/s rightward ramp target,d:\OneDrive\UC Berkeley\OMlab - JOM\Code\ClaudeOculomotorJax\outputs\server_figures\ed7619e9-3ae6-4960-b5d2-1ebedd23a500.png,,
2026-04-17T21:22:19Z,a6a83a1b-a30b-4393-ba71-d49460402587,7730f99-dirty,Healthy 20° saccade to the right,single,Healthy 20° rightward saccade,d:\OneDrive\UC Berkeley\OMlab - JOM\Code\ClaudeOculomotorJax\outputs\server_figures\a6a83a1b-a30b-4393-ba71-d49460402587.png,,
2026-04-17T21:22:57Z,6f07c7e2-6253-467c-9db1-5707af6e6e19,7730f99-dirty,sinusoidal VOR,single,"Sinusoidal VOR in the dark — 0.5 Hz, 30 deg/s peak, healthy subject",d:\OneDrive\UC Berkeley\OMlab - JOM\Code\ClaudeOculomotorJax\outputs\server_figures\6f07c7e2-6253-467c-9db1-5707af6e6e19.png,,
2026-04-17T21:24:11Z,619622d2-04a4-4d9e-9ad7-575ddebb3395,7730f99-dirty,sinusoidal vor,single,"Sinusoidal VOR in the dark at 0.5 Hz, ±30 deg/s",d:\OneDrive\UC Berkeley\OMlab - JOM\Code\ClaudeOculomotorJax\outputs\server_figures\619622d2-04a4-4d9e-9ad7-575ddebb3395.png,,
2026-04-17T21:25:08Z,c6b2cd37-1156-410e-b9de-b8344ff33281,7730f99-dirty,sinusoidal vor in the dark,single,"Sinusoidal VOR in the dark — 0.5 Hz, 30 deg/s peak, healthy subject",d:\OneDrive\UC Berkeley\OMlab - JOM\Code\ClaudeOculomotorJax\outputs\server_figures\c6b2cd37-1156-410e-b9de-b8344ff33281.png,,
2026-04-17T21:25:56Z,0adc5211-b013-4b48-9b4b-5ec50a4af1bb,7730f99-dirty,sinusoidal vor,single,"Sinusoidal VOR in the dark — 0.5 Hz, ±30 deg/s head rotation",d:\OneDrive\UC Berkeley\OMlab - JOM\Code\ClaudeOculomotorJax\outputs\server_figures\0adc5211-b013-4b48-9b4b-5ec50a4af1bb.png,,
2026-04-17T21:26:52Z,bb33d414-ff63-45de-af8a-c9cd16b224cd,7730f99-dirty,sinusoidal vor,single,"Sinusoidal VOR in the dark at 0.5 Hz, ±30 deg/s",d:\OneDrive\UC Berkeley\OMlab - JOM\Code\ClaudeOculomotorJax\outputs\server_figures\bb33d414-ff63-45de-af8a-c9cd16b224cd.png,,
2026-04-17T21:28:37Z,2db0486e-093c-4195-bb2e-78d2ae804444,7730f99-dirty,"alternating cover test, 5 repetitions large eso",single,"Alternating cover test — 5 repetitions, large esophoria (15°)",d:\OneDrive\UC Berkeley\OMlab - JOM\Code\ClaudeOculomotorJax\outputs\server_figures\2db0486e-093c-4195-bb2e-78d2ae804444.png,,
2026-04-17T21:30:15Z,02d6c775-6045-4820-af2b-6f8d82439d0e,7730f99-dirty,"alternating cover test, 5 repetitions large eso",single,"Alternating cover test — 5 repetitions, large esophoria (15°)",d:\OneDrive\UC Berkeley\OMlab - JOM\Code\ClaudeOculomotorJax\outputs\server_figures\02d6c775-6045-4820-af2b-6f8d82439d0e.png,,
2026-04-17T21:36:18Z,1d51685d-8d3f-4794-8ebe-fa8eb7513a27,7730f99-dirty,two saccades to the left and one to the right then some smooth pursuit,single,"Two leftward saccades, one rightward saccade, then smooth pursuit to the right",d:\OneDrive\UC Berkeley\OMlab - JOM\Code\ClaudeOculomotorJax\outputs\server_figures\1d51685d-8d3f-4794-8ebe-fa8eb7513a27.png,,
2026-04-17T21:37:38Z,39a60f10-d041-48c5-a51c-87e03d4770c5,7730f99-dirty,ovar,single,"Off-Vertical Axis Rotation (OVAR): constant yaw 60 deg/s, head pitched 20° off vertical, darkness — otolith-driven bias nystagmus with sinusoidal modulation",d:\OneDrive\UC Berkeley\OMlab - JOM\Code\ClaudeOculomotorJax\outputs\server_figures\39a60f10-d041-48c5-a51c-87e03d4770c5.png,,
2026-04-17T21:42:30Z,b49d96c6-192e-49b4-9592-4d2b513db759,7730f99-dirty,Healthy 20° saccade to the right,single,Healthy 20° rightward saccade,d:\OneDrive\UC Berkeley\OMlab - JOM\Code\ClaudeOculomotorJax\outputs\server_figures\b49d96c6-192e-49b4-9592-4d2b513db759.png,,
2026-04-17T21:51:17Z,f7767b23-3e95-4e1d-8aae-9e91997dc9d9,7730f99-dirty,okn,single,"Optokinetic nystagmus (OKN) at 30 deg/s for 20 s, followed by OKAN for 40 s",d:\OneDrive\UC Berkeley\OMlab - JOM\Code\ClaudeOculomotorJax\outputs\server_figures\f7767b23-3e95-4e1d-8aae-9e91997dc9d9.png,,
2026-04-17T21:52:09Z,bea14d77-f72a-4b5e-a77a-b54c429a0d07,7730f99-dirty,Smooth pursuit with no visual stimulus,single,Smooth pursuit attempt with no visual stimulus (pursuit in darkness),d:\OneDrive\UC Berkeley\OMlab - JOM\Code\ClaudeOculomotorJax\outputs\server_figures\bea14d77-f72a-4b5e-a77a-b54c429a0d07.png,,
2026-04-17T21:52:34Z,54480929-25ab-4440-9900-842cabd9d8df,7730f99-dirty,Healthy 20° saccade to the right,single,Healthy 20° rightward saccade,d:\OneDrive\UC Berkeley\OMlab - JOM\Code\ClaudeOculomotorJax\outputs\server_figures\54480929-25ab-4440-9900-842cabd9d8df.png,,
2026-04-17T21:53:22Z,9713aa19-1e0a-493f-8da3-0a9402177e71,7730f99-dirty,Smooth pursuit with no visual stimulus,single,"Smooth pursuit attempt with no visual stimulus (darkness, no target)",d:\OneDrive\UC Berkeley\OMlab - JOM\Code\ClaudeOculomotorJax\outputs\server_figures\9713aa19-1e0a-493f-8da3-0a9402177e71.png,,
2026-04-17T21:53:38Z,4f12ebc2-975c-42df-8831-4bee41857ad5,7730f99-dirty,Smooth pursuit,single,Smooth pursuit at 20 deg/s in a healthy subject,d:\OneDrive\UC Berkeley\OMlab - JOM\Code\ClaudeOculomotorJax\outputs\server_figures\4f12ebc2-975c-42df-8831-4bee41857ad5.png,,
2026-04-17T21:54:09Z,76a8d4db-fd61-4193-9dfb-d35e3275a7cd,7730f99-dirty,Smooth pursuit vertically,single,Smooth pursuit — vertical upward target motion at 20 deg/s,d:\OneDrive\UC Berkeley\OMlab - JOM\Code\ClaudeOculomotorJax\outputs\server_figures\76a8d4db-fd61-4193-9dfb-d35e3275a7cd.png,,
2026-04-17T22:35:19Z,8f42688a-026a-438e-bf82-fca2b674b21a,7730f99-dirty,sinusoidal vor,single,"Sinusoidal VOR in the dark — 0.5 Hz, ±30 deg/s head rotation",d:\OneDrive\UC Berkeley\OMlab - JOM\Code\ClaudeOculomotorJax\outputs\server_figures\8f42688a-026a-438e-bf82-fca2b674b21a.png,,
2026-04-17T23:55:42Z,a6b0ae9e-8b85-4ae6-99b4-ed8ffe56fd1b,7730f99-dirty,Smooth pursuit of someone with ocular albinism and foveal hypoplasia,single,"Smooth pursuit with ocular albinism / foveal hypoplasia (INS, poor pursuit gain)",d:\OneDrive\UC Berkeley\OMlab - JOM\Code\ClaudeOculomotorJax\outputs\server_figures\a6b0ae9e-8b85-4ae6-99b4-ed8ffe56fd1b.png,False,nice! it shows the foveal hypoplasia nystagmus
2026-04-18T00:09:59Z,6dc8666a-8baa-43c9-aef3-578258af79a8,7730f99-dirty,optokinetic nystagmus,single,Optokinetic nystagmus (OKN) at 30 deg/s with OKAN after scene stops,d:\OneDrive\UC Berkeley\OMlab - JOM\Code\ClaudeOculomotorJax\outputs\server_figures\6dc8666a-8baa-43c9-aef3-578258af79a8.png,,
2026-04-18T00:10:48Z,05202aba-4ec1-475c-9787-1243c5b04f5d,7730f99-dirty,rotatory nystagmus,single,Rotatory (torsional) nystagmus — constant velocity roll stimulus in the dark with velocity storage,d:\OneDrive\UC Berkeley\OMlab - JOM\Code\ClaudeOculomotorJax\outputs\server_figures\05202aba-4ec1-475c-9787-1243c5b04f5d.png,,
2026-04-18T00:11:35Z,f7e6cb4b-2205-4410-b303-5891abffa504,7730f99-dirty,rotary chair test,single,"Rotary chair test: sinusoidal yaw rotation in the dark (0.1 Hz, ±60 deg/s)",d:\OneDrive\UC Berkeley\OMlab - JOM\Code\ClaudeOculomotorJax\outputs\server_figures\f7e6cb4b-2205-4410-b303-5891abffa504.png,,
2026-04-18T00:12:45Z,84e116ff-bc35-431a-bcfe-8a53124edb59,7730f99-dirty,sinusoidal vor,single,"Sinusoidal VOR in the dark at 0.5 Hz, ±30 deg/s",d:\OneDrive\UC Berkeley\OMlab - JOM\Code\ClaudeOculomotorJax\outputs\server_figures\84e116ff-bc35-431a-bcfe-8a53124edb59.png,,
2026-04-18T00:15:37Z,3fa63e58-40e7-44d6-a51a-506e416ea8a8,7730f99-dirty,sinusoidal vor while fixating a target fixed in space,single,Sinusoidal VVOR: head oscillates at 0.5 Hz while fixating a stationary target,d:\OneDrive\UC Berkeley\OMlab - JOM\Code\ClaudeOculomotorJax\outputs\server_figures\3fa63e58-40e7-44d6-a51a-506e416ea8a8.png,,
2026-04-18T00:16:06Z,6cb618cc-6dee-4465-bf01-eca3bc2fddb5,7730f99-dirty,"sinusoidal vor while fixating a target fixed in space, left vestibular loss",single,"Sinusoidal VOR with left vestibular loss, fixating a target fixed in space",d:\OneDrive\UC Berkeley\OMlab - JOM\Code\ClaudeOculomotorJax\outputs\server_figures\6cb618cc-6dee-4465-bf01-eca3bc2fddb5.png,,
2026-04-18T00:16:16Z,12d36494-8cd4-49a0-b1b6-70d8df59c65a,7730f99-dirty,"sinusoidal vor while fixating a target fixed in space, left vestibular loss",single,Sinusoidal VOR fixating a stationary target — left vestibular loss,d:\OneDrive\UC Berkeley\OMlab - JOM\Code\ClaudeOculomotorJax\outputs\server_figures\12d36494-8cd4-49a0-b1b6-70d8df59c65a.png,,
2026-04-18T00:39:30Z,a074fc77-04c1-4ff8-8ca9-28d9c72f6ed9,7730f99-dirty,alternate cover test left hyperphoria 5 reps,single,Alternating cover test — left hyperphoria 5° (5 repetitions),d:\OneDrive\UC Berkeley\OMlab - JOM\Code\ClaudeOculomotorJax\outputs\server_figures\a074fc77-04c1-4ff8-8ca9-28d9c72f6ed9.png,,
2026-04-18T00:40:15Z,b06725b6-fa0e-4042-8837-7438b07a6616,7730f99-dirty,alternate cover test right esotropia 5 reps,single,"Alternate cover test — right esotropia, 5 repetitions",d:\OneDrive\UC Berkeley\OMlab - JOM\Code\ClaudeOculomotorJax\outputs\server_figures\b06725b6-fa0e-4042-8837-7438b07a6616.png,,
2026-04-18T00:41:30Z,dc0e30ce-72a4-4c24-a149-7c321a6c394f,7730f99-dirty,alternate cover test large right esotropia 5 reps,single,"Alternate cover test — large right esotropia (20°), 5 repetitions",d:\OneDrive\UC Berkeley\OMlab - JOM\Code\ClaudeOculomotorJax\outputs\server_figures\dc0e30ce-72a4-4c24-a149-7c321a6c394f.png,,
2026-04-18T00:46:17Z,464d5ed5-90fd-4ea0-82bc-19bf6a634883,7730f99-dirty,Simulate horizontal opsoclonus,single,Horizontal opsoclonus: chaotic continuous saccadic oscillations (no intersaccadic interval),d:\OneDrive\UC Berkeley\OMlab - JOM\Code\ClaudeOculomotorJax\outputs\server_figures\464d5ed5-90fd-4ea0-82bc-19bf6a634883.png,,
2026-04-18T03:44:09Z,008db349-0ac8-404d-af3e-efae1e09c797,7730f99-dirty,Left vestibular neuritis doing a head impulse test to the right,single,Left vestibular neuritis — rightward head impulse test (vHIT),d:\OneDrive\UC Berkeley\OMlab - JOM\Code\ClaudeOculomotorJax\outputs\server_figures\008db349-0ac8-404d-af3e-efae1e09c797.png,,
2026-04-18T14:54:24Z,ed29e258-b4a6-4311-ae0b-1e0746491593,7730f99-dirty,30 deg saccade to the left then 60 deg saccade to the right after 10 seconds,single,"30° leftward saccade, then 60° rightward saccade after 10 seconds",d:\OneDrive\UC Berkeley\OMlab - JOM\Code\ClaudeOculomotorJax\outputs\server_figures\ed29e258-b4a6-4311-ae0b-1e0746491593.png,,
2026-04-18T14:54:50Z,17903489-c526-4de1-80fe-95c6a2dd82ec,7730f99-dirty,30 deg saccade to the left then 60 deg saccade to the right after 1 seconds,single,"30° leftward saccade, then 60° rightward saccade after 1 second",d:\OneDrive\UC Berkeley\OMlab - JOM\Code\ClaudeOculomotorJax\outputs\server_figures\17903489-c526-4de1-80fe-95c6a2dd82ec.png,,
2026-04-19T05:11:08Z,25b0460a-bf3b-4cf1-a25f-af5adda2b4c5,7c27659-dirty,Healthy 20° saccade to the right,single,Healthy 20° rightward saccade,d:\OneDrive\UC Berkeley\OMlab - JOM\Code\ClaudeOculomotorJax\outputs\server_figures\25b0460a-bf3b-4cf1-a25f-af5adda2b4c5.png,,
2026-04-19T05:11:53Z,82e89c16-6ae8-4c11-9efa-16a92bfce520,7c27659-dirty,sinusoidal vor,single,"Sinusoidal VOR in the dark at 0.5 Hz, 30 deg/s peak velocity",d:\OneDrive\UC Berkeley\OMlab - JOM\Code\ClaudeOculomotorJax\outputs\server_figures\82e89c16-6ae8-4c11-9efa-16a92bfce520.png,,
2026-04-19T05:12:52Z,496d7536-3198-46db-b599-9d378c87cc27,7c27659-dirty,sinusoidal vor in the light,single,"Sinusoidal VOR in the light (VVOR) — 0.5 Hz, 30 deg/s, lit room with target",d:\OneDrive\UC Berkeley\OMlab - JOM\Code\ClaudeOculomotorJax\outputs\server_figures\496d7536-3198-46db-b599-9d378c87cc27.png,,
2026-04-19T05:14:00Z,a75786b4-a951-4c8e-b7e2-ce3aebf4c9f5,7c27659-dirty,Compare healthy vs pursuit deficit on a 20 deg/s ramp target,comparison,Healthy vs Pursuit Deficit — 20 deg/s Ramp Target,d:\OneDrive\UC Berkeley\OMlab - JOM\Code\ClaudeOculomotorJax\outputs\server_figures\a75786b4-a951-4c8e-b7e2-ce3aebf4c9f5.png,,
2026-04-19T05:14:29Z,1d8ff66d-b52c-4fbe-a036-a66a4a802e69,7c27659-dirty,Compare healthy vs left vestibular neuritis on a rightward head impulse test,comparison,Healthy vs Left Vestibular Neuritis — Rightward vHIT,d:\OneDrive\UC Berkeley\OMlab - JOM\Code\ClaudeOculomotorJax\outputs\server_figures\1d8ff66d-b52c-4fbe-a036-a66a4a802e69.png,,
2026-04-19T05:15:50Z,431a34ec-0e16-4c3b-8a0a-b3beaa49ec53,7c27659-dirty,free viewing during walking,single,Free viewing during walking: combined translational and rotational head motion with natural gaze shifts,d:\OneDrive\UC Berkeley\OMlab - JOM\Code\ClaudeOculomotorJax\outputs\server_figures\431a34ec-0e16-4c3b-8a0a-b3beaa49ec53.png,,
2026-04-19T05:16:59Z,8643b6d4-11f4-45a7-a4cc-aca45f924ff8,7c27659-dirty,rashbass paradigm,single,"Rashbass paradigm: target steps back then ramps forward, eliciting smooth pursuit without an initial saccade",d:\OneDrive\UC Berkeley\OMlab - JOM\Code\ClaudeOculomotorJax\outputs\server_figures\8643b6d4-11f4-45a7-a4cc-aca45f924ff8.png,,
2026-04-19T05:17:56Z,8f8b59f9-fb96-455c-b7bb-8c09fef201e6,7c27659-dirty,rebound nystagmus in cerebellar patetient,single,Rebound nystagmus in a cerebellar patient: eccentric gaze held then returned to centre,d:\OneDrive\UC Berkeley\OMlab - JOM\Code\ClaudeOculomotorJax\outputs\server_figures\8f8b59f9-fb96-455c-b7bb-8c09fef201e6.png,,
2026-04-19T05:21:31Z,7bef355e-b2ab-4936-92cd-8c65cc797287,7c27659-dirty,rotary chair test in healthy in the dark,single,"Rotary chair test in the dark — healthy subject (sinusoidal yaw rotation, 0.1 Hz)",d:\OneDrive\UC Berkeley\OMlab - JOM\Code\ClaudeOculomotorJax\outputs\server_figures\7bef355e-b2ab-4936-92cd-8c65cc797287.png,,
2026-04-19T05:22:41Z,aee14e35-2bbb-4d55-b9e9-1ede518aacd5,7c27659-dirty,PAN,single,Periodic Alternating Nystagmus (PAN) — velocity storage null-point adaptation drives slow oscillatory reversal of spontaneous nystagmus,d:\OneDrive\UC Berkeley\OMlab - JOM\Code\ClaudeOculomotorJax\outputs\server_figures\aee14e35-2bbb-4d55-b9e9-1ede518aacd5.png,,
2026-04-19T05:23:58Z,f9676089-d523-4f36-97ca-bd7f05025381,7c27659-dirty,horizontal PAN,single,"Periodic alternating nystagmus (PAN) — horizontal, velocity storage null-point adaptation",d:\OneDrive\UC Berkeley\OMlab - JOM\Code\ClaudeOculomotorJax\outputs\server_figures\f9676089-d523-4f36-97ca-bd7f05025381.png,,
2026-04-19T05:25:11Z,76af5421-9bb1-4d0e-8e21-1d17189a1f47,7c27659-dirty,"vestibular neuritis vs vestibular nucleus lesion, first spontaneous nystagmus in the dark then step velocity",comparison,Vestibular Neuritis vs Vestibular Nucleus Lesion — Spontaneous Nystagmus (Dark) + Step Velocity,d:\OneDrive\UC Berkeley\OMlab - JOM\Code\ClaudeOculomotorJax\outputs\server_figures\76af5421-9bb1-4d0e-8e21-1d17189a1f47.png,,
2026-04-19T05:37:59Z,ce85f128-d0fd-434b-90c8-b177b7a9a618,7c27659-dirty,gaze evoked nystagmus in the dark,single,"Gaze-evoked nystagmus in the dark (leaky neural integrator, cerebellar lesion)",d:\OneDrive\UC Berkeley\OMlab - JOM\Code\ClaudeOculomotorJax\outputs\server_figures\ce85f128-d0fd-434b-90c8-b177b7a9a618.png,,
2026-04-19T05:38:34Z,1e38d511-1b86-4e4b-8cfc-1c5cd6508e99,7c27659-dirty,"Cerebellar gaze-holding deficit, gaze-evoked nystagmus at 15 degrees",single,Cerebellar gaze-holding deficit: gaze-evoked nystagmus at 15° eccentric gaze (lit room),d:\OneDrive\UC Berkeley\OMlab - JOM\Code\ClaudeOculomotorJax\outputs\server_figures\1e38d511-1b86-4e4b-8cfc-1c5cd6508e99.png,,
2026-04-19T05:39:05Z,d1edacbd-0a61-4b7c-807c-1577aa3f0f6f,7c27659-dirty,"Cerebellar gaze-holding deficit, gaze-evoked nystagmus at 15 degrees, no pursuit",single,"Cerebellar gaze-holding deficit: gaze-evoked nystagmus at 15° eccentric gaze, severely impaired pursuit",d:\OneDrive\UC Berkeley\OMlab - JOM\Code\ClaudeOculomotorJax\outputs\server_figures\d1edacbd-0a61-4b7c-807c-1577aa3f0f6f.png,,
2026-04-19T05:39:57Z,0412b5a4-8651-4387-b82e-b2624a548a42,7c27659-dirty,"Cerebellar gaze-holding deficit, gaze-evoked nystagmus at 15 degrees, no pursuit, then back to center to see if there is rebound",single,"Cerebellar GEN: eccentric gaze at 15° (gaze-evoked nystagmus, no pursuit) then return to center (rebound nystagmus)",d:\OneDrive\UC Berkeley\OMlab - JOM\Code\ClaudeOculomotorJax\outputs\server_figures\0412b5a4-8651-4387-b82e-b2624a548a42.png,,
2026-04-19T17:26:47Z,396317a3-cfba-45bd-ade4-01852cdeae6d,ce81331-dirty,Healthy 20° saccade to the right,single,Healthy 20° rightward saccade,d:\OneDrive\UC Berkeley\OMlab - JOM\Code\ClaudeOculomotorJax\outputs\server_figures\396317a3-cfba-45bd-ade4-01852cdeae6d.png,,
2026-04-21T00:52:29Z,9217a650-5f73-48c2-9b99-f494b4d0f219,6aa8a5c-dirty,"left INO, a few saccades to each side",single,"Left INO: saccades left and right, left eye adduction lag on rightward gaze",D:\OneDrive\UC Berkeley\OMlab - JOM\Code\ClaudeOculomotorJax\outputs\server_figures\9217a650-5f73-48c2-9b99-f494b4d0f219.png,,
2026-04-21T00:54:22Z,685e6c9f-ae8e-4998-8d4a-f8368ea0ec74,6aa8a5c-dirty,"CNII left palsy, 9 points of gaze",single,Left CN III nerve palsy — 9 positions of gaze,D:\OneDrive\UC Berkeley\OMlab - JOM\Code\ClaudeOculomotorJax\outputs\server_figures\685e6c9f-ae8e-4998-8d4a-f8368ea0ec74.png,,
2026-04-21T00:55:38Z,475c5e54-5df4-416d-9232-8cd669a479ff,6aa8a5c-dirty,"CNVI palsy, two saccades left and right",single,Right CN VI nerve palsy — horizontal saccades left and right,D:\OneDrive\UC Berkeley\OMlab - JOM\Code\ClaudeOculomotorJax\outputs\server_figures\475c5e54-5df4-416d-9232-8cd669a479ff.png,,
2026-04-21T00:57:49Z,455b31b5-4ad2-4dca-977f-83ff82fcde6d,6aa8a5c-dirty,Healthy 20° saccade to the right,single,Healthy 20° rightward saccade,D:\OneDrive\UC Berkeley\OMlab - JOM\Code\ClaudeOculomotorJax\outputs\server_figures\455b31b5-4ad2-4dca-977f-83ff82fcde6d.png,,
2026-04-21T01:00:49Z,39a3701d-c7f7-44a4-9d70-e8b2ca1c4d25,6aa8a5c-dirty,"left Vestibular nucleus lession, spotaneous nystagmus first in the dark, then in the light, then dark again",single,Left vestibular nucleus infarct — spontaneous nystagmus: dark → light → dark,D:\OneDrive\UC Berkeley\OMlab - JOM\Code\ClaudeOculomotorJax\outputs\server_figures\39a3701d-c7f7-44a4-9d70-e8b2ca1c4d25.png,,
2026-04-21T01:02:33Z,fb5ab6e1-19b3-41de-b382-3a6fa8c5cb8b,6aa8a5c-dirty,Smooth pursuit of a 20 deg/s ramp target,single,Smooth pursuit of a 20 deg/s rightward ramp target,D:\OneDrive\UC Berkeley\OMlab - JOM\Code\ClaudeOculomotorJax\outputs\server_figures\fb5ab6e1-19b3-41de-b382-3a6fa8c5cb8b.png,,
2026-04-21T01:07:06Z,1248342a-a09c-4643-ab01-1d3dec56381c,6aa8a5c-dirty,left partial INO saccade left and right,single,Left partial INO — saccades left and right,D:\OneDrive\UC Berkeley\OMlab - JOM\Code\ClaudeOculomotorJax\outputs\server_figures\1248342a-a09c-4643-ab01-1d3dec56381c.png,,
2026-04-21T19:19:39Z,9f9502cc-043d-482b-9cee-7bb1a286af77,654392b-dirty,vergence saccade from near to far,single,Vergence-saccade interaction: alternating near (0.5 m) and far (3 m) target steps,D:\OneDrive\UC Berkeley\OMlab - JOM\Code\ClaudeOculomotorJax\outputs\server_figures\9f9502cc-043d-482b-9cee-7bb1a286af77.png,,
2026-04-21T19:20:30Z,4c0a4302-6b2a-4f6d-bbf3-ddb23c23e91b,654392b-dirty,asymmetric vergence saccade from near to far but also left to right,single,Combined vergence-saccade: near-left to far-right target step,D:\OneDrive\UC Berkeley\OMlab - JOM\Code\ClaudeOculomotorJax\outputs\server_figures\4c0a4302-6b2a-4f6d-bbf3-ddb23c23e91b.png,,
2026-04-21T19:21:26Z,57038389-e1ff-4fe1-87e4-75343b8c9602,654392b-dirty,"saccades between two points aligned in front of one eye, one near one far",single,Saccades between near (0.5 m) and far (3 m) targets aligned on the midline — vergence + saccade coupling,D:\OneDrive\UC Berkeley\OMlab - JOM\Code\ClaudeOculomotorJax\outputs\server_figures\57038389-e1ff-4fe1-87e4-75343b8c9602.png,,
2026-04-21T19:22:29Z,afcc3f4e-58a1-4329-96dc-7e41d39928ec,654392b-dirty,"saccades between two points aligned in front of one eye, not in the midline, one near one far",single,Saccades between near (0.5 m) and far (3 m) targets offset 15° rightward — vergence + saccade coupling,D:\OneDrive\UC Berkeley\OMlab - JOM\Code\ClaudeOculomotorJax\outputs\server_figures\afcc3f4e-58a1-4329-96dc-7e41d39928ec.png,,
2026-04-21T19:23:40Z,fab45552-6592-45f6-85e1-c1616a2aef02,654392b-dirty,"one saccade between two points aligned in front of one eye, not in the midline, one near one far",single,"Saccade with vergence: near (0.5 m) to far (3 m) target, both aligned on right-eye axis",D:\OneDrive\UC Berkeley\OMlab - JOM\Code\ClaudeOculomotorJax\outputs\server_figures\fab45552-6592-45f6-85e1-c1616a2aef02.png,,
2026-04-21T19:24:54Z,382ebd82-449c-4df8-999a-95373742c323,654392b-dirty,"saccade between a point about 5 cm to the right and 10 cm forward, to another point still 5cm to the right but 1 m forwarrd",single,"Saccade + vergence: target jumps from (5 cm right, 10 cm depth) to (5 cm right, 1 m depth)",D:\OneDrive\UC Berkeley\OMlab - JOM\Code\ClaudeOculomotorJax\outputs\server_figures\382ebd82-449c-4df8-999a-95373742c323.png,,
2026-04-21T19:35:36Z,7587e741-2c83-4eec-b97c-9c577249684c,654392b-dirty,Compare healthy vs left vestibular neuritis on a rightward head impulse test,comparison,Healthy vs Left Vestibular Neuritis — Rightward vHIT,D:\OneDrive\UC Berkeley\OMlab - JOM\Code\ClaudeOculomotorJax\outputs\server_figures\7587e741-2c83-4eec-b97c-9c577249684c.png,,
2026-04-21T19:39:35Z,cf1e4d48-2ec4-4f87-bd78-8677afa98236,654392b-dirty,optokinetic nystagmus,single,"Optokinetic nystagmus (OKN) — 30 deg/s rotating drum, no fixation target",D:\OneDrive\UC Berkeley\OMlab - JOM\Code\ClaudeOculomotorJax\outputs\server_figures\cf1e4d48-2ec4-4f87-bd78-8677afa98236.png,,
2026-04-21T19:45:53Z,cbefc886-119e-43df-991a-9f60006b050d,654392b-dirty,"sinusoidal VOR, partial loss unilateral",comparison,Sinusoidal VOR — Healthy vs Partial Unilateral Loss,D:\OneDrive\UC Berkeley\OMlab - JOM\Code\ClaudeOculomotorJax\outputs\server_figures\cbefc886-119e-43df-991a-9f60006b050d.png,,
2026-04-21T19:47:08Z,4274048e-c38f-4731-8c33-d1533e1b2091,654392b-dirty,head shaking nystagmus,single,Head-shaking nystagmus (HSN) — left vestibular neuritis,D:\OneDrive\UC Berkeley\OMlab - JOM\Code\ClaudeOculomotorJax\outputs\server_figures\4274048e-c38f-4731-8c33-d1533e1b2091.png,,
2026-04-21T19:50:52Z,3de603bc-5b49-4b6a-9466-9cdb601019bc,654392b-dirty,"step velocity rotary chair, healthy in total darkness",single,Step velocity rotary chair — healthy subject in total darkness,D:\OneDrive\UC Berkeley\OMlab - JOM\Code\ClaudeOculomotorJax\outputs\server_figures\3de603bc-5b49-4b6a-9466-9cdb601019bc.png,,
2026-04-21T19:51:57Z,b33c24cf-452e-4cfd-a71c-af5b52648f69,654392b-dirty,"step velocity rotary chair for 20 sec, healthy in total darkness",single,Step velocity rotary chair (60 deg/s) in total darkness — healthy,D:\OneDrive\UC Berkeley\OMlab - JOM\Code\ClaudeOculomotorJax\outputs\server_figures\b33c24cf-452e-4cfd-a71c-af5b52648f69.png,,
2026-04-21T19:55:17Z,05d818f4-67f8-4e8a-9c83-5d3f96de571f,654392b-dirty,"step velocity rotary chair for 20 sec, healthy in total darkness, just show the eye position",single,"Step velocity rotary chair, healthy subject, total darkness",D:\OneDrive\UC Berkeley\OMlab - JOM\Code\ClaudeOculomotorJax\outputs\server_figures\05d818f4-67f8-4e8a-9c83-5d3f96de571f.png,,
2026-04-21T19:56:15Z,ef7c49dc-e40b-4638-8b67-b42b79722308,654392b-dirty,"step velocity rotary chair for 20 sec, healthy in total darkness, just show the eye position, no gaze",single,"Step velocity rotary chair (60 deg/s) — healthy, total darkness",D:\OneDrive\UC Berkeley\OMlab - JOM\Code\ClaudeOculomotorJax\outputs\server_figures\ef7c49dc-e40b-4638-8b67-b42b79722308.png,,
2026-04-21T19:57:27Z,467766d2-a50c-43ca-aae7-2cb73bca2aa2,654392b-dirty,"step velocity rotary chair for 10 sec, healthy in total darkness, just show the eye position",single,Step velocity rotary chair (60 deg/s) in darkness — healthy VOR,D:\OneDrive\UC Berkeley\OMlab - JOM\Code\ClaudeOculomotorJax\outputs\server_figures\467766d2-a50c-43ca-aae7-2cb73bca2aa2.png,,
2026-04-23T15:25:23Z,b9f3c305-fb4a-4e62-81bd-4d32091dea7c,b13d605-dirty,"vvor at 30 deg/s for 30 seconds, no target",single,"VVOR at 30 deg/s for 30 seconds, no target",D:\OneDrive\UC Berkeley\OMlab - JOM\Code\ClaudeOculomotorJax\outputs\server_figures\b9f3c305-fb4a-4e62-81bd-4d32091dea7c.png,,
2026-04-24T04:06:40Z,9eb7c089-3d6d-4e21-939a-2f873bdc68ee,252fae5-dirty,alternate cover test a few repeatitions large esophoria,single,Alternating cover test — large esophoria (repeated cycles),D:\OneDrive\UC Berkeley\OMlab - JOM\Code\ClaudeOculomotorJax\outputs\server_figures\9eb7c089-3d6d-4e21-939a-2f873bdc68ee.png,,
2026-04-24T04:09:07Z,5496741e-155f-498c-8bcf-4fab068a54b3,252fae5-dirty,alternate cover test a few repeatitions large esophoria,single,Alternating cover test — large esophoria (several repetitions),D:\OneDrive\UC Berkeley\OMlab - JOM\Code\ClaudeOculomotorJax\outputs\server_figures\5496741e-155f-498c-8bcf-4fab068a54b3.png,,
2026-04-24T04:17:24Z,d6a8c108-a1d9-4d6a-bbc5-de75725e9200,252fae5-dirty,alternate cover test a few repeatitions large esophoria,single,"Alternating cover test — large esophoria, multiple repetitions",D:\OneDrive\UC Berkeley\OMlab - JOM\Code\ClaudeOculomotorJax\outputs\server_figures\d6a8c108-a1d9-4d6a-bbc5-de75725e9200.png,,
2026-04-24T04:28:33Z,846f9943-067f-4199-9329-6aea4ae8284c,252fae5-dirty,alternate cover test a few repetitions large esophoria,single,Alternating cover test — large esophoria (multiple repetitions),D:\OneDrive\UC Berkeley\OMlab - JOM\Code\ClaudeOculomotorJax\outputs\server_figures\846f9943-067f-4199-9329-6aea4ae8284c.png,,
2026-04-24T05:08:42Z,c1881d0a-ebf6-44eb-b529-3b550d819c09,252fae5-dirty,alternate cover test a few repetitions large esophoria,single,Alternating cover test — large esophoria (repeated cycles),D:\OneDrive\UC Berkeley\OMlab - JOM\Code\ClaudeOculomotorJax\outputs\server_figures\c1881d0a-ebf6-44eb-b529-3b550d819c09.png,,
2026-04-24T20:15:23Z,a3d76c8a-0227-4e02-8596-a5040846c13e,3f02375-dirty,"VVOR. step velocity of head rotation, no target, but stationary scene for 30 sec after 5 sec stationary. Then everything stops again.",single,"VVOR: step head rotation with stationary scene (no fixation target), 30 s rotation then stop",D:\OneDrive\UC Berkeley\OMlab - JOM\Code\ClaudeOculomotorJax\outputs\server_figures\a3d76c8a-0227-4e02-8596-a5040846c13e.png,,
2026-04-25T03:56:31Z,247b3be5-43bb-4f48-982c-b81ba17b419d,3a7b87b-dirty,okr 10 s,single,Optokinetic reflex (OKN) at 30 deg/s for 10 seconds,D:\OneDrive\UC Berkeley\OMlab - JOM\Code\ClaudeOculomotorJax\outputs\server_figures\247b3be5-43bb-4f48-982c-b81ba17b419d.png,,
2026-04-25T03:58:06Z,941b3fd0-e577-4cf6-8ca0-cd58f34b0bbb,3a7b87b-dirty,asymmetric vergence,single,Asymmetric vergence: near target steps between left and right visual fields,D:\OneDrive\UC Berkeley\OMlab - JOM\Code\ClaudeOculomotorJax\outputs\server_figures\941b3fd0-e577-4cf6-8ca0-cd58f34b0bbb.png,,
2026-04-25T04:04:09Z,ed5eb523-f930-4c32-90be-40c436d40894,3a7b87b-dirty,asymmetric vergence with large vergence change,single,Asymmetric vergence with large depth change — near/far target steps at different lateral offsets,D:\OneDrive\UC Berkeley\OMlab - JOM\Code\ClaudeOculomotorJax\outputs\server_figures\ed5eb523-f930-4c32-90be-40c436d40894.png,,
2026-04-25T04:04:59Z,26cc73e7-f99f-47b8-b436-cde64d7e867f,3a7b87b-dirty,"5 seconds of fixation on a very near target 15 cm, then 15 seconds of only one eye seeing a flashing target",single,"Binocular fixation at 15 cm, then monocular stroboscopic target (right eye only) for 15 s",D:\OneDrive\UC Berkeley\OMlab - JOM\Code\ClaudeOculomotorJax\outputs\server_figures\26cc73e7-f99f-47b8-b436-cde64d7e867f.png,,
2026-04-27T15:49:46Z,850e47d4-529b-48f7-8a77-b83b2c1f1366,6dbc7cf-dirty,Healthy 20° saccade to the right,single,Healthy 20° rightward saccade,D:\OneDrive\UC Berkeley\OMlab - JOM\Code\ClaudeOculomotorJax\outputs\server_figures\850e47d4-529b-48f7-8a77-b83b2c1f1366.png,,
2026-04-27T15:51:33Z,e4cb6a46-718c-481d-935b-dc800630dd0f,6dbc7cf-dirty,INO,comparison,Left INO vs Right INO vs Bilateral INO — Horizontal Saccades,D:\OneDrive\UC Berkeley\OMlab - JOM\Code\ClaudeOculomotorJax\outputs\server_figures\e4cb6a46-718c-481d-935b-dc800630dd0f.png,,
2026-04-27T15:53:09Z,014127e9-e790-4703-a401-be6593dfe3d3,6dbc7cf-dirty,"LEft INO one saccade to the left, one saccade to the right",single,Left INO: leftward then rightward saccade,D:\OneDrive\UC Berkeley\OMlab - JOM\Code\ClaudeOculomotorJax\outputs\server_figures\014127e9-e790-4703-a401-be6593dfe3d3.png,,
2026-04-27T16:03:21Z,d858d125-b92b-4604-8988-68167f56996d,6dbc7cf-dirty,uvh spontaneous nystagmus,single,Unilateral vestibular hypofunction — spontaneous nystagmus at rest,D:\OneDrive\UC Berkeley\OMlab - JOM\Code\ClaudeOculomotorJax\outputs\server_figures\d858d125-b92b-4604-8988-68167f56996d.png,,
2026-04-27T16:08:49Z,790b124e-b769-4ad7-93ea-30f33dd8ae6d,6dbc7cf-dirty,"rotary chair test in the dark 2 seconds stopped 10 seconds rotating at 30 deg/s, then stop",single,Rotary chair test in the dark: 10 s constant rotation at 30 deg/s then abrupt stop,D:\OneDrive\UC Berkeley\OMlab - JOM\Code\ClaudeOculomotorJax\outputs\server_figures\790b124e-b769-4ad7-93ea-30f33dd8ae6d.png,,
2026-04-27T16:12:48Z,4c2aa7b2-50c2-41fe-8bdd-a1f3e853788f,6dbc7cf-dirty,very large esophoria cover test,single,"Large esophoria cover test — 20° esophoria, right eye covered then uncovered",D:\OneDrive\UC Berkeley\OMlab - JOM\Code\ClaudeOculomotorJax\outputs\server_figures\4c2aa7b2-50c2-41fe-8bdd-a1f3e853788f.png,,
2026-04-27T16:15:28Z,72fdab1a-6915-447d-9427-bfd4aa4daa8f,6dbc7cf-dirty,very large esophoria alternate cover test,single,Large esophoria — alternating cover test,D:\OneDrive\UC Berkeley\OMlab - JOM\Code\ClaudeOculomotorJax\outputs\server_figures\72fdab1a-6915-447d-9427-bfd4aa4daa8f.png,,
2026-04-27T16:28:01Z,c3d3b0e1-e993-473f-96c9-8e9aa37ffe39,6dbc7cf-dirty,Compare healthy vs pursuit deficit on a 20 deg/s ramp target,comparison,Healthy vs Pursuit Deficit — 20 deg/s Ramp Pursuit,D:\OneDrive\UC Berkeley\OMlab - JOM\Code\ClaudeOculomotorJax\outputs\server_figures\c3d3b0e1-e993-473f-96c9-8e9aa37ffe39.png,,
2026-04-27T16:31:30Z,04de91eb-64d2-48e0-b813-709dd0d09e47,6dbc7cf-dirty,Compare healthy vs pursuit deficit on a 40 deg/s ramp target starting far on the left,comparison,Healthy vs Pursuit Deficit — 40 deg/s Rightward Ramp,D:\OneDrive\UC Berkeley\OMlab - JOM\Code\ClaudeOculomotorJax\outputs\server_figures\04de91eb-64d2-48e0-b813-709dd0d09e47.png,,
2026-05-01T17:17:53Z,7049f3a8-d432-4fb1-8c97-f6baf088fc68,21a585b-dirty,Smooth pursuit of a 20 deg/s ramp target,single,Smooth pursuit of a 20 deg/s rightward ramp target,D:\OneDrive\UC Berkeley\OMlab - JOM\Code\ClaudeOculomotorJax\outputs\server_figures\7049f3a8-d432-4fb1-8c97-f6baf088fc68.png,,
2026-05-11T06:29:02Z,6946ede7-67fc-45d4-bab9-0c6bff702fa5,0d09a28-dirty,Healthy 20° saccade to the right,single,Healthy 20° rightward saccade,D:\OneDrive\UC Berkeley\OMlab - JOM\Code\ClaudeOculomotorJax\outputs\server_figures\6946ede7-67fc-45d4-bab9-0c6bff702fa5.png,,
2026-05-11T06:30:22Z,9d30d62a-46c8-46f8-8689-1e27342d636c,0d09a28-dirty,"Cerebellar gaze-holding deficit, gaze-evoked nystagmus at 15 degrees",single,Cerebellar gaze-evoked nystagmus — eccentric fixation at 15° in a lit room,D:\OneDrive\UC Berkeley\OMlab - JOM\Code\ClaudeOculomotorJax\outputs\server_figures\9d30d62a-46c8-46f8-8689-1e27342d636c.png,,
2026-05-11T06:32:18Z,6b153e61-7a8e-4249-bc52-445cd41b1ca4,0d09a28-dirty,"Cerebellar gaze-holding deficit, gaze-evoked nystagmus at 15 degrees first in dark then in light",single,Cerebellar gaze-holding deficit: gaze-evoked nystagmus at 15° — dark then light,D:\OneDrive\UC Berkeley\OMlab - JOM\Code\ClaudeOculomotorJax\outputs\server_figures\6b153e61-7a8e-4249-bc52-445cd41b1ca4.png,,
2026-05-11T06:34:45Z,44719c45-056e-46ea-b8cc-5e20383211b0,0d09a28-dirty,"alternate cover test, large esophoria",single,Alternating cover test — large esophoria,D:\OneDrive\UC Berkeley\OMlab - JOM\Code\ClaudeOculomotorJax\outputs\server_figures\44719c45-056e-46ea-b8cc-5e20383211b0.png,,
2026-05-11T06:36:52Z,0424c250-6def-4add-9c15-58dbb3f6886b,0d09a28-dirty,"alternate cover test, large esophoria, show the cover switching from eye to eye",single,"Alternate cover test — large esophoria, cover switching between eyes",D:\OneDrive\UC Berkeley\OMlab - JOM\Code\ClaudeOculomotorJax\outputs\server_figures\0424c250-6def-4add-9c15-58dbb3f6886b.png,,
2026-05-11T06:46:44Z,8a97a193-28ac-44e2-829a-209c2fe62df3,0d09a28-dirty,"alternate cover test, large esophoria, the cover switches instantaneously between eyes",single,"Alternating cover test — large esophoria, cover switches between eyes",D:\OneDrive\UC Berkeley\OMlab - JOM\Code\ClaudeOculomotorJax\outputs\server_figures\8a97a193-28ac-44e2-829a-209c2fe62df3.png,,
2026-05-11T06:48:39Z,49662796-ec27-4571-ad0c-6c73edda29c5,0d09a28-dirty,rebound nystagmus,single,Rebound nystagmus after sustained eccentric gaze — cerebellar null adaptation,D:\OneDrive\UC Berkeley\OMlab - JOM\Code\ClaudeOculomotorJax\outputs\server_figures\49662796-ec27-4571-ad0c-6c73edda29c5.png,,
2026-05-11T06:50:24Z,f21706b2-a60f-49a5-9f35-d4a01a5966fd,0d09a28-dirty,rebound nystagmus in the dark,single,Rebound nystagmus in the dark after sustained eccentric gaze,D:\OneDrive\UC Berkeley\OMlab - JOM\Code\ClaudeOculomotorJax\outputs\server_figures\f21706b2-a60f-49a5-9f35-d4a01a5966fd.png,,
2026-05-11T07:05:07Z,72cca6a6-4f90-4ab5-abea-556c58ad819c,0d09a28-dirty,rebound nystagmus in the dark with a flashing target,single,Rebound nystagmus in the dark with a flashing target,D:\OneDrive\UC Berkeley\OMlab - JOM\Code\ClaudeOculomotorJax\outputs\server_figures\72cca6a6-4f90-4ab5-abea-556c58ad819c.png,,
2026-05-11T07:06:20Z,036d352c-6f84-4ef4-b934-9b7a6c6790f9,0d09a28-dirty,Left vestibular neuritis doing a head impulse test to the right,single,Left vestibular neuritis — rightward vHIT,D:\OneDrive\UC Berkeley\OMlab - JOM\Code\ClaudeOculomotorJax\outputs\server_figures\036d352c-6f84-4ef4-b934-9b7a6c6790f9.png,,
2026-06-10T16:16:47Z,c328f23f-8051-451f-8414-4da3724676bb,255b99c-dirty,Healthy 20° saccade to the right,single,Healthy 20° rightward saccade,/Users/cynthiama/Claude/ocularmotorsim/OcularMotorSim/outputs/server_figures/c328f23f-8051-451f-8414-4da3724676bb.png,,
2026-06-10T16:22:27Z,8bed6eaa-93da-46eb-a9f3-79b6b011d756,255b99c-dirty,Healthy 20° saccade to the right,single,Healthy 20° rightward saccade,/Users/cynthiama/Claude/ocularmotorsim/OcularMotorSim/outputs/server_figures/8bed6eaa-93da-46eb-a9f3-79b6b011d756.png,,
